{"cameraMode":{"drawMode":0,"name":"Shaded","section":"Shading Mode"},"sceneLighting":false,"audioPlay":false,"sceneViewState":{"showFog":true,"showMaterialUpdate":true,"showSkybox":true,"showFlares":true,"showImageEffects":true,"showParticleSystems":true},"in2DMode":false,"pivot":{"x":0.2200000286102295,"y":1.1416664123535157,"z":-0.9312067031860352},"rotation":{"x":0.022297363728284837,"y":0.4848731756210327,"z":-0.012366725131869316,"w":0.8742128014564514},"size":45.485225677490237,"orthographic":false}