{"cameraMode":{"drawMode":0,"name":"Shaded","section":"Shading Mode"},"sceneLighting":true,"audioPlay":false,"sceneViewState":{"showFog":true,"showMaterialUpdate":true,"showSkybox":true,"showFlares":true,"showImageEffects":true,"showParticleSystems":true},"in2DMode":false,"pivot":{"x":0.13099998235702516,"y":0.0429999977350235,"z":0.017000004649162294},"rotation":{"x":-0.542948842048645,"y":-0.30057254433631899,"z":0.21654371917247773,"w":-0.7536388635635376},"size":9.1229829788208,"orthographic":false}